<?xml version='1.0' encoding='utf-8'?>
<MixxxControllerPreset mixxxVersion="" schemaVersion="1">
    <info/>
    <controller id="KAOSS">
        <scriptfiles/>
        <controls>
            <control>
                <group>[Channel1]</group>
                <key>volume</key>
                <description>MIDI Learned from 2358 messages.</description>
                <status>0xB7</status>
                <midino>0x18</midino>
                <options>
                    <normal/>
                </options>
            </control>
            <control>
                <group>[Channel2]</group>
                <key>volume</key>
                <description>MIDI Learned from 2597 messages.</description>
                <status>0xB8</status>
                <midino>0x18</midino>
                <options>
                    <normal/>
                </options>
            </control>
            <control>
                <group>[Master]</group>
                <key>crossfader</key>
                <description>MIDI Learned from 1440 messages.</description>
                <status>0xB6</status>
                <midino>0x17</midino>
                <options>
                    <normal/>
                </options>
            </control>
            <control>
                <group>[Channel1]</group>
                <key>pfl</key>
                <description>MIDI Learned from 252 messages.</description>
                <status>0x97</status>
                <midino>0x19</midino>
                <options>
                    <normal/>
                </options>
            </control>
            <control>
                <group>[Channel2]</group>
                <key>pfl</key>
                <description>MIDI Learned from 300 messages.</description>
                <status>0x98</status>
                <midino>0x19</midino>
                <options>
                    <normal/>
                </options>
            </control>
            <control>
                <group>[EqualizerRack1_[Channel1]_Effect1]</group>
                <key>parameter1</key>
                <description>MIDI Learned from 2112 messages.</description>
                <status>0xB7</status>
                <midino>0x1D</midino>
                <options>
                    <normal/>
                </options>
            </control>
            <control>
                <group>[EqualizerRack1_[Channel2]_Effect1]</group>
                <key>parameter1</key>
                <description>MIDI Learned from 3905 messages.</description>
                <status>0xB8</status>
                <midino>0x1D</midino>
                <options>
                    <normal/>
                </options>
            </control>
            <control>
                <group>[Channel1]</group>
                <key>cue_default</key>
                <description>MIDI Learned from 38 messages.</description>
                <status>0x97</status>
                <midino>0x1E</midino>
                <options>
                    <normal/>
                </options>
            </control>
            <control>
                <group>[EqualizerRack1_[Channel1]_Effect1]</group>
                <key>parameter2</key>
                <description>MIDI Learned from 2439 messages.</description>
                <status>0xB7</status>
                <midino>0x1C</midino>
                <options>
                    <normal/>
                </options>
            </control>
            <control>
                <group>[Channel2]</group>
                <key>cue_default</key>
                <description>MIDI Learned from 80 messages.</description>
                <status>0x98</status>
                <midino>0x1E</midino>
                <options>
                    <normal/>
                </options>
            </control>
            <control>
                <group>[EqualizerRack1_[Channel2]_Effect1]</group>
                <key>parameter2</key>
                <description>MIDI Learned from 2244 messages.</description>
                <status>0xB8</status>
                <midino>0x1C</midino>
                <options>
                    <normal/>
                </options>
            </control>
            <control>
                <group>[Channel1]</group>
                <key>sync_enabled</key>
                <description>MIDI Learned from 144 messages.</description>
                <status>0x97</status>
                <midino>0x1D</midino>
                <options>
                    <normal/>
                </options>
            </control>
            <control>
                <group>[EqualizerRack1_[Channel1]_Effect1]</group>
                <key>parameter3</key>
                <description>MIDI Learned from 3570 messages.</description>
                <status>0xB7</status>
                <midino>0x1B</midino>
                <options>
                    <normal/>
                </options>
            </control>
            <control>
                <group>[Channel2]</group>
                <key>sync_enabled</key>
                <description>MIDI Learned from 88 messages.</description>
                <status>0x98</status>
                <midino>0x1D</midino>
                <options>
                    <normal/>
                </options>
            </control>
            <control>
                <group>[EqualizerRack1_[Channel2]_Effect1]</group>
                <key>parameter3</key>
                <description>MIDI Learned from 3601 messages.</description>
                <status>0xB8</status>
                <midino>0x1B</midino>
                <options>
                    <normal/>
                </options>
            </control>
            <control>
                <group>[Channel1]</group>
                <key>pregain</key>
                <description>MIDI Learned from 3424 messages.</description>
                <status>0xB7</status>
                <midino>0x1A</midino>
                <options>
                    <normal/>
                </options>
            </control>
            <control>
                <group>[Channel2]</group>
                <key>pregain</key>
                <description>MIDI Learned from 2907 messages.</description>
                <status>0xB8</status>
                <midino>0x1A</midino>
                <options>
                    <normal/>
                </options>
            </control>
            <control>
                <group>[Channel1]</group>
                <key>play</key>
                <description>MIDI Learned from 2 messages.</description>
                <status>0x97</status>
                <midino>0x1B</midino>
                <options>
                    <normal/>
                </options>
            </control>
            <control>
                <group>[Channel1]</group>
                <key>rate</key>
                <description>MIDI Learned from 660 messages.</description>
                <status>0xB7</status>
                <midino>0x19</midino>
                <options>
                    <normal/>
                </options>
            </control>
            <control>
                <group>[Channel2]</group>
                <key>play</key>
                <description>MIDI Learned from 4 messages.</description>
                <status>0x98</status>
                <midino>0x1B</midino>
                <options>
                    <normal/>
                </options>
            </control>
            <control>
                <group>[Channel2]</group>
                <key>rate</key>
                <description>MIDI Learned from 1304 messages.</description>
                <status>0xB8</status>
                <midino>0x19</midino>
                <options>
                    <normal/>
                </options>
            </control>
            <control>
                <group>[Playlist]</group>
                <key>LoadSelectedIntoFirstStopped</key>
                <description>MIDI Learned from 36 messages.</description>
                <status>0x97</status>
                <midino>0x0E</midino>
                <options>
                    <normal/>
                </options>
            </control>
        </controls>
        <outputs/>
    </controller>
</MixxxControllerPreset>
